feature,mean_abs_shap,mean_shap,rank,share
Sensor 34,0.2356529501919887,-0.0007390366370301247,1,0.030234426761719283
Sensor 22,0.19317295359591655,-0.00032756403912379814,2,0.02478421557244434
Sensor 104,0.1916457424615147,-0.007339411241456436,3,0.024588273390709986
Sensor 60,0.1800636955302269,0.0006497642894970667,4,0.0231022892372779
Sensor 489,0.16024232199136595,0.007042664649788595,5,0.020559194121816258
Sensor 130,0.13654755352989065,-0.0024886389158164757,6,0.01751913991879985
Sensor 578,0.1193699733147959,-0.0009553391039388644,7,0.015315245206114448
Sensor 32,0.10763023823905382,-4.240786938870819e-05,8,0.01380902956119961
Sensor 131,0.10013252820914226,-0.0017272573083098957,9,0.012847068488379245
Sensor 214,0.09628548484964873,7.466194984157664e-05,10,0.012353490323510085
Sensor 520,0.0962394687600739,-0.002972131069426891,11,0.012347586429292009
Sensor 248,0.08678073414499239,-0.0033079720927719452,12,0.011134024626882021
Sensor 461,0.08594683941650516,-0.0006337442852156903,13,0.01102703539091069
Sensor 478,0.08391879198679719,0.001448431663668254,14,0.010766835586779898
Sensor 118,0.08368134698950032,-0.0014168623046757933,15,0.0107363712392092
Sensor 318,0.0832447264033101,-0.0014230401661532305,16,0.010680352534053708
Sensor 588,0.08193805746908006,0.0006376621279586223,17,0.010512706060026519
Sensor 481,0.07748591422862243,-0.0003287492291988797,18,0.009941493186915304
Sensor 87,0.07317743293470773,-0.0025138468378082426,19,0.009388712234973161
Sensor 550,0.06707593445308803,0.0028032407765512897,20,0.008605886011796331
Sensor 299,0.06692620685935759,0.0021266339474820374,21,0.00858667586414843
Sensor 184,0.0658412736982358,-0.0006087165692379498,22,0.008447478234012365
Sensor 161,0.06525788473902625,6.219567914686091e-06,23,0.008372629051150675
Sensor 282,0.06321250049821432,-0.0002837620694295597,24,0.008110204922880605
Sensor 345,0.062171979526950374,0.0011464520179446437,25,0.00797670540558586
Sensor 447,0.06162426506621847,-0.0021980496635373575,26,0.007906433284079036
Sensor 470,0.061457510205405526,-0.0001231651063889546,27,0.007885038526991114
Sensor 206,0.06062058383993853,0.00047166001313230237,28,0.007777660330023715
Sensor 126,0.06032156695907529,-0.002857890413088735,29,0.007739296269749436
Sensor 271,0.05968095983271968,0.0022895217464289114,30,0.007657105958832238
Sensor 311,0.05847412178776013,-0.003123175729396671,31,0.007502267852821435
Sensor 114,0.05764969953043553,-0.00010494420776602767,32,0.007396493941060497
Sensor 122,0.0557271243265448,0.00032648050392352225,33,0.007149826292093767
Sensor 417,0.05495340896431466,-0.002968736896190953,34,0.007050558107949644
Sensor 82,0.054857199948160226,0.00045606003995423615,35,0.00703821442860946
Sensor 57,0.054533394190434396,-0.002872646339877334,36,0.0069966699393127696
Sensor 203,0.05309351549938194,-0.0012909653523547806,37,0.006811932566855017
Sensor 424,0.05252842100892417,-0.0015524157002102632,38,0.006739430576231615
Sensor 16,0.05215189797386563,0.0005347930530718564,39,0.006691122425969532
Sensor 548,0.0513747043348299,0.0006488676453998808,40,0.006591407976649225
Sensor 71,0.05124999989700038,-0.0013498716307792046,41,0.006575408316176711
Sensor 1,0.05076823489846239,-0.0001611446071741726,42,0.006513597553558252
Sensor 562,0.04889303441100477,-0.0011432957014849074,43,0.006273008111519069
Sensor 334,0.04819825658168982,-0.0002879277865958688,44,0.006183867664183379
Sensor 356,0.046916778970915056,-4.017993100080284e-05,45,0.006019453253338164
Sensor 69,0.04628857976796239,-0.0005657280094164788,46,0.0059388548870628055
Sensor 20,0.04523395114779759,-0.00068519412789064,47,0.00580354534923946
Sensor 33,0.04423441373309249,-0.0002179294677498213,48,0.005675304048904036
Sensor 91,0.04379005518750122,0.0009332129134778904,49,0.005618292558525164
Sensor 64,0.04372739778286369,-0.001544417039441465,50,0.005610253572762205
Sensor 201,0.0433861726316076,-0.001435204541581349,51,0.005566474163947234
Sensor 181,0.042653727095110214,-0.0017399034939909862,52,0.005472500925283613
Sensor 512,0.04248543084088302,0.00043504287356254463,53,0.005450908406418229
Sensor 183,0.04239015230605572,-0.0007441866644623818,54,0.005438684108437436
Sensor 76,0.039706049361584984,-0.0004991543574028757,55,0.005094311955110265
Sensor 496,0.03962380191398681,0.0009175106697718288,56,0.00508375955409547
Sensor 456,0.03947360140206963,-0.0009309815580117619,57,0.0050644887307366585
Sensor 490,0.03879749231306882,-0.00014577196742175842,58,0.004977743494924106
Sensor 485,0.03836771535176519,0.0013586881361610473,59,0.004922602831292174
Sensor 281,0.03801039162246838,0.0012010320655028211,60,0.004876757964445198
Sensor 589,0.03706602619326612,-0.0009505526040916957,61,0.004755595265729763
Sensor 523,0.03637723483904468,-0.0010817107667251374,62,0.004667222887041752
Sensor 337,0.03630110510416255,-0.0018148449435050405,63,0.004657455392546955
Sensor 132,0.03613889938536658,0.0012457728303552973,64,0.004636644293338253
Sensor 92,0.03589488189624454,-0.0008105101713651646,65,0.0046053366907921
Sensor 77,0.03550353246238494,0.0002028931671085835,66,0.004555126303921796
Sensor 308,0.035085196810464125,-0.0014657660002438161,67,0.0045014535677243015
Sensor 176,0.03419068792331881,-0.0013290342609563325,68,0.004386687495777957
Sensor 138,0.03361390691590929,-0.0009051842496473377,69,0.004312686117429558
Sensor 251,0.03352382336591322,-0.0012446919188222345,70,0.004301128339381064
Sensor 320,0.03319219144903434,0.0015596283054585003,71,0.004258579748775454
Sensor 10,0.03243387269892046,0.00037318420219717007,72,0.004161286959978719
Sensor 127,0.032143981621434656,0.00010031324632093214,73,0.0041240937462125446
Sensor 15,0.031453257253029714,0.0008447734214125378,74,0.004035473360547693
Sensor 352,0.031058343592176574,-0.0005534065036160597,75,0.003984805681036195
Sensor 444,0.03084566674418722,0.0002763713274504449,76,0.0039575191031291125
Sensor 455,0.030381576052458246,0.0011468220285492847,77,0.003897975965568375
Sensor 432,0.030381421146821998,0.0008464074473687669,78,0.0038979560910745044
Sensor 324,0.03020581050020365,0.0006383440927308031,79,0.00387542513090857
Sensor 59,0.030190697319502434,-0.0013198376762842945,80,0.0038734860999960555
Sensor 212,0.029930982918466367,0.0007951441683781984,81,0.0038401645734431676
Sensor 224,0.029525644237087454,-0.0010396381932550633,82,0.0037881593570185134
Sensor 439,0.029281434790049733,-0.0008144943358040132,83,0.0037568271261469435
Sensor 386,0.028781372410586176,-0.00034130655518243707,84,0.0036926687976564054
Sensor 46,0.028419579373278037,0.002090514294216038,85,0.0036462505156850526
Sensor 418,0.02840075779277432,0.0004117961223894314,86,0.003643835694666195
Sensor 108,0.027443780976122538,0.0003050235570227316,87,0.0035210549467394278
Sensor 9,0.02671888256022456,0.0006406584496293442,88,0.0034280500085568256
Sensor 88,0.026418375496766042,0.0007728985433943637,89,0.0033894947568864618
Sensor 103,0.026279284787026118,0.000356939907528396,90,0.003371649328372025
Sensor 469,0.02556003020747001,-0.0005413701933208396,91,0.0032793684980624385
Sensor 117,0.02509865949177479,-0.0002463641022834534,92,0.003220174335195712
Sensor 342,0.024603405211080665,-0.00011619010188454432,93,0.003156632888904141
Sensor 40,0.022461251777342525,-0.00048705911548535644,94,0.0028817932102497674
Sensor 116,0.0224586330714082,-0.00025758156775680793,95,0.0028814572285753718
Sensor 295,0.02244032650288815,0.0015764962585532573,96,0.002879108483928946
Sensor 287,0.02240947929744331,0.000911631990034618,97,0.002875150767409522
Sensor 147,0.022081490296736655,0.0003140083267427704,98,0.0028330695653179055
Sensor 322,0.021933725637069718,-0.00031420139379258405,99,0.0028141112633869063
Sensor 500,0.021739796074502667,-0.0004730432084947978,100,0.0027892299743914203
Sensor 97,0.021528751068000368,0.00018176133044852416,101,0.002762152762808362
Sensor 590,0.02109956115381221,0.00011651016478656732,102,0.002707087417703119
Sensor 217,0.02096399677665996,-0.00010112302720072976,103,0.0026896944199529594
Sensor 228,0.020875940890030194,-0.0005124599891725319,104,0.0026783967924330116
Sensor 54,0.020763251696997016,-7.743906539598233e-05,105,0.0026639386956817377
Sensor 166,0.020745733735165216,0.00042783579126409304,106,0.002661691129786269
Sensor 553,0.020621796868040082,0.00011023968105040158,107,0.002645789949134302
Sensor 198,0.020599499817195235,0.0006349307987857135,108,0.002642929223010476
Sensor 458,0.020176351622005415,0.0008706941177165205,109,0.0025886390343818288
Sensor 561,0.02014425383181645,-0.000364511708111432,110,0.002584520867026442
Sensor 511,0.019277824108528994,0.0007732020175917039,111,0.002473357370063772
Sensor 346,0.01925775329481409,-0.0009677622525496765,112,0.0024707822716115053
Sensor 273,0.019077111916924114,-0.00042654718072066293,113,0.002447605865351788
Sensor 134,0.01873713863076487,4.3897577837238226e-05,114,0.0024039870716428685
Sensor 487,0.01856642451964529,-0.0007811960407354123,115,0.002382084340165788
Sensor 124,0.018184989728167518,0.00011265506179191327,116,0.002333146008360857
Sensor 408,0.01741068162381959,-0.0004896936326088131,117,0.0022338017750175437
Sensor 525,0.017045708659274142,0.00045569462543247646,118,0.002186975506313643
Sensor 585,0.01677614723930391,0.002035817991492195,119,0.002152390600827694
Sensor 453,0.016644445030056538,0.00033476854088777743,120,0.0021354931217314123
Sensor 440,0.016578729632389058,0.0013645219336818435,121,0.0021270617934740065
Sensor 172,0.01587146790099209,-0.0004232733904792244,122,0.002036319653382542
Sensor 486,0.01553390444797076,0.00011621554320348988,123,0.0019930100428324025
Sensor 79,0.015329887887934662,-9.164589281818776e-05,124,0.0019668345855017645
Sensor 36,0.015184526821610162,-0.0009956978925670333,125,0.001948184666159728
Sensor 587,0.015160075986478144,-0.0007321087299515012,126,0.0019450476081111887
Sensor 173,0.015104834098217718,-0.0002426173994674559,127,0.0019379600379219413
Sensor 81,0.014791970869653738,0.0004255206065102641,128,0.0018978194822329665
Sensor 296,0.014767445355049383,-0.0005676526900469912,129,0.0018946728427595599
Sensor 574,0.01458534672244104,1.7206456314964246e-05,130,0.0018713094697717799
Sensor 182,0.014584170364082664,-0.0009056970972594052,131,0.0018711585422293796
Sensor 344,0.014557788335519338,0.001157776274416879,132,0.001867773710807691
Sensor 586,0.014454733125672197,0.0004570682121463614,133,0.0018545516603644503
Sensor 317,0.014213434629410677,0.0002792083573121685,134,0.0018235929063705443
Sensor 66,0.014119779713857908,0.000392909575330661,135,0.001811576919798561
Sensor 68,0.014066867877373684,0.0002710947607628377,136,0.001804788296767502
Sensor 362,0.01388733960065148,0.00011368235109449724,137,0.001781754702111492
Sensor 170,0.013794015548206622,-0.0007269754566654581,138,0.0017697811654914237
Sensor 205,0.013717559072027225,0.0012335405302657614,139,0.0017599717498756981
Sensor 521,0.013704115311984639,6.085838646464106e-05,140,0.0017582469067193593
Sensor 460,0.013316049261927046,-0.0008199943690792444,141,0.0017084577801261339
Sensor 125,0.013091174712343718,0.0005170075192380137,142,0.0016796062291720185
Sensor 275,0.012909596693981198,-0.0006724062673402362,143,0.0016563096513305484
Sensor 35,0.01290798982459498,-0.0004937570972355027,144,0.0016561034889433022
Sensor 391,0.012904719467195699,-0.00022330761429224536,145,0.001655683899962164
Sensor 101,0.01289143729395559,-0.0005344471086262917,146,0.0016539797884976676
Sensor 151,0.012693019053012233,0.0013620649355605727,147,0.0016285225991473813
Sensor 2,0.012691697726860107,-0.00017767579397141712,148,0.001628353072142766
Sensor 563,0.01258944990794622,-0.00022439818694467356,149,0.001615234610481332
Sensor 393,0.012562355293855429,0.00035234090318358416,150,0.001611758353873054
Sensor 189,0.012498423008310933,-0.00036032537016572093,151,0.001603555800060638
Sensor 474,0.012472773006152219,-0.00013779167315688915,152,0.0016002648881027195
Sensor 178,0.012437875642423435,-0.0002640246590977997,153,0.001595787533641528
Sensor 313,0.012313768136036227,-0.00011410355985376221,154,0.0015798644598612652
Sensor 11,0.012295101653710816,0.00016944919516851477,155,0.001577469538039549
Sensor 177,0.012104047877410994,0.00043797814434885644,156,0.0015529572142923575
Sensor 350,0.01194653935615607,-2.2859281034480063e-05,157,0.0015327487685828983
Sensor 427,0.011891914732725568,-0.0003086298260432276,158,0.0015257403938727556
Sensor 21,0.011429456880834875,7.668389102995095e-05,159,0.0014664067507251534
Sensor 136,0.011276626843639486,7.075008753464143e-05,160,0.001446798557563089
Sensor 560,0.011254932055510468,-0.0001690942422089952,161,0.0014440151021373733
Sensor 284,0.011206617614126673,-0.0001152052817484806,162,0.0014378163278875216
Sensor 196,0.010836792526166887,0.00036185768527730185,163,0.0013903675285940821
Sensor 335,0.010813258927355452,-1.8232078928817168e-05,164,0.0013873481525619792
Sensor 497,0.010802500888343732,0.00017088295646727942,165,0.0013859678891605044
Sensor 140,0.01076078760094961,0.0008307314036999238,166,0.0013806160472604535
Sensor 584,0.010694412061167093,0.00026933277325186055,167,0.0013721000223403787
Sensor 99,0.010610838778633554,4.0986846861095664e-05,168,0.001361377515841147
Sensor 524,0.010603729601460686,0.00018153700158993959,169,0.0013604654037865597
Sensor 564,0.010513775777993296,0.00035706360881257654,170,0.0013489242697360601
Sensor 209,0.010194283433449674,2.668350123535064e-05,171,0.001307933194155787
Sensor 547,0.010082255352995149,9.47593219563561e-05,172,0.0012935599185782956
Sensor 406,0.010041203398205618,0.0007432263634705482,173,0.0012882929260814976
Sensor 67,0.010033665897841241,0.0003109335154092631,174,0.0012873258598828886
Sensor 31,0.010033165196594971,-0.0010937376101388284,175,0.0012872616195873713
Sensor 268,0.010016786935851223,0.0007879516336004657,176,0.0012851602780826808
Sensor 475,0.009976897822397784,3.02774982724605e-05,177,0.0012800424788855336
Sensor 434,0.00994191778823817,0.00016303422528601765,178,0.001275554517754304
Sensor 319,0.00991779877605833,-0.0006221598613441164,179,0.001272460032806323
Sensor 202,0.009857429724698653,-0.001201793934533781,180,0.0012647146442570957
Sensor 378,0.009799084453029119,-0.0005918600151200911,181,0.0012572289079582379
Sensor 8,0.009763754621383304,-0.0004523631650838955,182,0.0012526960675820448
Sensor 546,0.009721780311282149,-0.001001234252736083,183,0.0012473107362989304
Sensor 72,0.00966038236810911,-0.0006804028416773594,184,0.0012394333402609302
Sensor 540,0.009635738090762519,0.0001871040571920715,185,0.0012362714634504598
Sensor 163,0.009505735809289775,-0.000475261447731493,186,0.001219592086193176
Sensor 480,0.009350820447216352,5.3794276973266554e-05,187,0.0011997163444931115
Sensor 3,0.00920023696488323,-4.507853637905134e-05,188,0.001180396385780877
Sensor 321,0.009167864346436268,0.00028040674575427693,189,0.0011762429577812602
Sensor 274,0.009112519841746563,0.0002730567344664225,190,0.0011691422218374017
Sensor 49,0.009106364326600894,0.0003429855011491061,191,0.0011683524652410988
Sensor 156,0.0090226026362811,-0.0007283271464051154,192,0.0011576057859003634
Sensor 426,0.008778847048443112,0.0001801030004578398,193,0.0011263317854592772
Sensor 39,0.008764486471763065,0.00014212267883246456,194,0.0011244893141321192
Sensor 26,0.008686827514061765,0.0002442837917894338,195,0.0011145256193551242
Sensor 338,0.00866211183034205,0.0006011893185720644,196,0.0011113545810605442
Sensor 85,0.008640652653796165,0.00022607221241088487,197,0.0011086013547541697
Sensor 47,0.008637039168642033,-0.0006297211600164019,198,0.0011081377422589383
Sensor 412,0.008593816491384857,-3.290998842872362e-05,199,0.0011025922446578564
Sensor 200,0.008576194739032735,-0.00013173947877340088,200,0.001100331362371132
Sensor 215,0.008553082310850705,-0.00014330195533375357,201,0.0010973660228046815
Sensor 51,0.008533272005159038,0.00076765305325822,202,0.0010948243477012128
Sensor 89,0.008493430605002917,-7.578996416321227e-05,203,0.0010897126701511408
Sensor 572,0.008468192381813018,-0.00027079905689553473,204,0.0010864745897027133
Sensor 164,0.008369468493722785,3.6965527816493395e-05,205,0.0010738082506576705
Sensor 448,0.008270847901112334,-9.597291226239947e-05,206,0.0010611551644898597
Sensor 249,0.008209086955937885,0.0003872170934710425,207,0.0010532311950590078
Sensor 445,0.008126140551132498,-0.0005837852531568236,208,0.001042589117379975
Sensor 488,0.00811084279663693,8.761341439666515e-05,209,0.0010406264055296112
Sensor 80,0.00805566422682235,-9.818307822478283e-05,210,0.0010335469591381437
Sensor 106,0.007977097788227219,0.0002799632216892739,211,0.0010234668339723083
Sensor 298,0.00788523650613277,0.00015451878484141552,212,0.0010116809717394804
Sensor 392,0.007803697607900356,0.0005687284382088499,213,0.0010012194780691032
Sensor 556,0.007771989533339183,-0.00025688331120502905,214,0.0009971513114822054
Sensor 369,0.007762150439121196,-0.00026558685507774386,215,0.0009958889492953835
Sensor 162,0.00772238541519446,-0.00020403377291786394,216,0.0009907870708652116
Sensor 216,0.0076271090359404155,-1.9952027048369266e-05,217,0.0009785630494458686
Sensor 129,0.007564865377773123,-0.00041514552527352174,218,0.0009705771476241122
Sensor 121,0.007446620580939762,0.0002503932069014829,219,0.0009554062632923014
Sensor 437,0.007395553359500471,-7.382125884123647e-05,220,0.000948854305571115
Sensor 169,0.007264581892671652,-3.8680072142347525e-05,221,0.0009320505812023569
Sensor 23,0.007215028925629222,8.431082483263246e-05,222,0.0009256929033050522
Sensor 416,0.007177236138918677,-0.00015606311256087383,223,0.0009208440641923217
Sensor 52,0.007166396884674455,-0.00044481022614283294,224,0.0009194533808237001
Sensor 278,0.007145838036597599,0.00013345323582964247,225,0.0009168156672454123
Sensor 476,0.007145258926467637,-0.0015209203062298978,226,0.0009167413670391257
Sensor 568,0.007119116717468779,-0.0001243807601546895,227,0.0009133873046235201
Sensor 146,0.007081749132146609,-0.00023671083758349437,228,0.0009085930191254392
Sensor 27,0.0069980597681799026,-0.0010246385640431475,229,0.0008978556193028407
Sensor 492,0.00695425011038604,5.447621359393199e-05,230,0.0008922348117171712
Sensor 28,0.006730078517277229,-9.32731389921928e-05,231,0.00086347345053589
Sensor 17,0.0066368891456266765,-0.00047498318104870554,232,0.0008515171935493179
Sensor 55,0.006632414375743923,3.989152219140537e-05,233,0.0008509430776632854
Sensor 4,0.006495500392328362,0.00034610895195929896,234,0.0008333769245518538
Sensor 128,0.006452992523188849,1.4646833080092315e-06,235,0.0008279231372971291
Sensor 571,0.0063680618140595745,0.0006800905062828161,236,0.0008170264720828897
Sensor 5,0.006360114711405582,0.0005276828123968818,237,0.0008160068536441465
Sensor 442,0.006349622136811579,3.153524765260934e-05,238,0.000814660649500104
Sensor 325,0.006346889648031333,4.808528353339674e-05,239,0.0008143100694125802
Sensor 435,0.006341094527138752,-0.002018584027620252,240,0.0008135665516333235
Sensor 431,0.006306270358100783,0.0003119771884637263,241,0.0008090985880985643
Sensor 339,0.006256035444854461,0.00011662744821245097,242,0.0008026534160598105
Sensor 297,0.0062207478888540385,0.0006492744009804082,243,0.0007981259996764145
Sensor 157,0.006213880127997403,-0.000153522052768433,244,0.0007972448614922
Sensor 559,0.006187979425281268,0.00010688178957521876,245,0.0007939217844897264
Sensor 38,0.006107524473831843,-0.00014158940108959143,246,0.0007835993618965294
Sensor 471,0.006097921265194653,7.329195654438827e-05,247,0.0007823672639831271
Sensor 420,0.006071917883589166,0.0003251820574310135,248,0.0007790310132123746
Sensor 83,0.006062284441673249,0.0013048735072526448,249,0.00077779503634965
Sensor 48,0.006034628273724826,-5.543816124631579e-05,250,0.0007742467320162429
Sensor 219,0.006013566566201029,0.0004627264031657238,251,0.0007715445012438882
Sensor 552,0.005947954643676441,0.0003421636156738414,252,0.0007631264489146086
Sensor 137,0.005875749095009136,-0.0001822895756905206,253,0.0007538624300631884
Sensor 570,0.0058282379943260685,0.0001654002586127115,254,0.000747766724947676
Sensor 409,0.005762835586157785,7.118068051557323e-05,255,0.0007393755534465638
Sensor 543,0.005756839560926118,-0.00043675626504613305,256,0.0007386062595099482
Sensor 63,0.005756472884958581,0.0013226636396805568,257,0.0007385592147448529
Sensor 436,0.005729277565711077,0.0002869142695740601,258,0.0007350700375994773
Sensor 358,0.0056770145213197315,0.0006068241108820538,259,0.0007283646550158634
Sensor 218,0.005658428063851595,-0.0005852710697519362,260,0.0007259800004353782
Sensor 491,0.0056503498526574185,0.0004401595286613802,261,0.0007249435606856655
Sensor 353,0.005589232908939069,-0.00028541583346438867,262,0.0007171022170604442
Sensor 78,0.005582321790796079,-0.0005111713554805455,263,0.0007162155161081939
Sensor 333,0.005516913289050617,0.0002928719206473142,264,0.0007078235627971667
Sensor 139,0.005479584210519135,0.0009283227300665986,265,0.0007030342177453732
Sensor 457,0.005445640410916319,-9.106380532938432e-05,266,0.0006986792061816745
Sensor 42,0.005445108498190565,0.000237374457034447,267,0.0006986109614330417
Sensor 153,0.005416346913211465,1.6578311282103056e-05,268,0.0006949208313757133
Sensor 495,0.00535323182083285,-1.575939850103603e-05,269,0.0006868231239779246
Sensor 309,0.005298670300266261,0.00026851865896287703,270,0.0006798228454062598
Sensor 107,0.005278206321214815,0.00013975827468958136,271,0.0006771973035856281
Sensor 446,0.005249789661678623,-0.00012330785635874202,272,0.0006735514276869401
Sensor 220,0.005243517232009252,-5.2755813129788415e-05,273,0.0006727466708812132
Sensor 484,0.005207371305729178,6.277755228866596e-05,274,0.0006681091250327142
Sensor 354,0.005179297128634645,-0.0002082203379962231,275,0.0006645071898540174
Sensor 113,0.00514497681016146,0.00023781461394363102,276,0.0006601038706743891
Sensor 280,0.005141777110116553,7.513367625104255e-05,277,0.0006596933470777679
Sensor 109,0.005113994305860391,0.00010669184694014012,278,0.0006561287952237226
Sensor 438,0.005109734519433656,0.0008943620813708154,279,0.0006555822618549073
Sensor 473,0.004993332956681999,0.000752355282810971,280,0.0006406478656544888
Sensor 18,0.004975329073949547,-0.0003177283069009161,281,0.0006383379557914574
Sensor 254,0.0049645039588336074,0.0004147877310462349,282,0.0006369490864821897
Sensor 133,0.004962741911293804,-0.0006018897362539272,283,0.0006367230146369213
Sensor 149,0.004889160109041082,4.994969230254491e-05,284,0.0006272824215554735
Sensor 305,0.004854765231262311,0.0003035869254025333,285,0.0006228695363684504
Sensor 363,0.0047831541212132985,-7.875383084348556e-05,286,0.000613681784378338
Sensor 213,0.004718977492728206,0.00016967710448958451,287,0.00060544788120774
Sensor 441,0.0046971656385605,-0.0002512775793007788,288,0.0006026494061331291
Sensor 407,0.004680198774463301,0.0001450886715640749,289,0.0006004725464354045
Sensor 225,0.0046548133661291355,0.00032476814027475066,290,0.0005972155820372489
Sensor 229,0.0044392550444177,0.00028223691487594594,291,0.0005695593091777162
Sensor 429,0.004368871911146172,-8.697876497198631e-06,292,0.0005605291074067448
Sensor 65,0.004357047015712141,-0.00019012653842402625,293,0.0005590119656324791
Sensor 414,0.004307733762400467,-0.00021950273402071937,294,0.0005526850431627233
Sensor 29,0.004294429873072571,0.0007705529668260636,295,0.0005509781455100413
Sensor 100,0.00428291193333716,-0.00041930454467725643,296,0.000549500386351531
Sensor 56,0.004276517625017689,4.254020064751768e-05,297,0.0005486799924357351
Sensor 185,0.0042741101953991945,-2.1056653488683424e-05,298,0.0005483711176500595
Sensor 174,0.004273879591101887,0.00016785990092880827,299,0.0005483415309687461
Sensor 25,0.004242597722644198,0.00010076104622061427,300,0.0005443280469020999
Sensor 413,0.004210543250324148,-0.00023985969290044062,301,0.0005402154372574655
Sensor 312,0.004152850466584167,-7.747017282876954e-05,302,0.0005328134155843014
Sensor 123,0.004148440358532994,2.3561042658256813e-05,303,0.0005322475958533121
Sensor 366,0.004103345401964875,-0.00012676928652207247,304,0.0005264618835990377
Sensor 549,0.004086673781383412,-0.00012449800253677332,305,0.0005243229038363878
Sensor 341,0.00396081592408046,8.665911117658649e-05,306,0.00050817525889533
Sensor 443,0.003924433440832716,0.00011367828837774213,307,0.0005035073626340389
Sensor 283,0.0038162163555412482,-0.00020711322948928284,308,0.0004896230402143706
Sensor 468,0.0038105420234198703,7.291794000081141e-05,309,0.0004888950197130116
Sensor 152,0.0037814340305742677,-0.00017600285272975665,310,0.00048516044530113174
Sensor 332,0.003761482234359014,8.603592508776179e-05,311,0.0004826006168714712
Sensor 204,0.003736980323354129,-6.984560661776248e-05,312,0.0004794570057552266
Sensor 300,0.0037075532596514338,2.05372973374083e-05,313,0.00047568149434488045
Sensor 145,0.003690312543916085,8.168728355873959e-05,314,0.0004734694993038876
Sensor 351,0.003690088604129085,0.00015051105806925962,315,0.0004734407676835808
Sensor 286,0.003659350222785206,-7.156030374011638e-07,316,0.0004694970133670821
Sensor 528,0.0036415022713079197,-7.583961437263164e-05,317,0.0004672071095854953
Sensor 576,0.00361670737107988,0.00037029359145976056,318,0.00046402590776138046
Sensor 290,0.0036043104147312727,0.00028610045452528965,319,0.00046243537019974654
Sensor 84,0.003579547994473777,-0.0003604819760847881,320,0.00045925833557697516
Sensor 558,0.0035451237377632965,0.0002362930507115614,321,0.00045484168105390765
Sensor 256,0.0035440129964423466,-0.00040835043037124486,322,0.0004546991722200818
Sensor 347,0.0034689227958497573,-0.0003756603837678828,323,0.000445065050650673
Sensor 387,0.003450017120410468,0.0003444091507948541,324,0.00044263944019689206
Sensor 349,0.003410301314699547,0.0005874530588625818,325,0.0004375438764958171
Sensor 292,0.0033652804651795143,-0.0002767986293518405,326,0.00043176767222400617
Sensor 302,0.00329829944411329,0.0001700814996586759,327,0.00042317396366146946
Sensor 141,0.0032830111645966885,0.00015124589727215221,328,0.00042121246745706884
Sensor 310,0.0032776325394239985,-0.00017063591681158494,329,0.00042052238634953363
Sensor 573,0.003266279767184863,0.00019319790649685828,330,0.00041906581828820877
Sensor 421,0.0032519152532271417,-4.6137356808056695e-05,331,0.00041722284180576466
Sensor 255,0.0031969061158045363,0.00016683463574273426,332,0.00041016513370037443
Sensor 410,0.0031547474805928948,-2.6202318017958285e-05,333,0.00040475615338571275
Sensor 143,0.0031182111384593985,-9.160284413001797e-05,334,0.0004000685169293207
Sensor 208,0.003117816526687812,-0.0001913655916544484,335,0.0004000178879823984
Sensor 12,0.0030707349547269987,0.00018881997072416924,336,0.00039397729168128654
Sensor 301,0.0030606208777913036,6.840200842903426e-05,337,0.00039267964903295336
Sensor 19,0.00303461976514003,-3.214878588455113e-05,338,0.00038934368937050193
Sensor 165,0.0030044291095840713,0.00017731512396354298,339,0.00038547020862879567
Sensor 566,0.0029825260856654054,-4.6705478506403996e-05,340,0.00038266003641584625
Sensor 211,0.0029664841726408384,7.082561481041842e-05,341,0.0003806018485422635
Sensor 135,0.0029541132112775683,-0.0001499628575132695,342,0.00037901464615415373
Sensor 58,0.0029231339771118394,-5.2966896538994764e-05,343,0.00037503999026397794
Sensor 449,0.0028747397055137436,0.00021181590661939446,344,0.0003688309737457153
Sensor 433,0.002873998695173496,-0.0002832862630802581,345,0.0003687359016371606
Sensor 45,0.0028692742944299394,2.781899222881956e-06,346,0.0003681297579493447
Sensor 74,0.0028432123536862954,-4.952283001989104e-05,347,0.00036478599400308385
Sensor 430,0.0028420951387457165,-0.00018742211375955312,348,0.00036464265459964964
Sensor 544,0.0028350098281093882,0.0003971229375067835,349,0.0003637336046372215
Sensor 422,0.0027816932445771177,3.132735879039965e-05,350,0.00035689305229667914
Sensor 542,0.0027803774233071113,-0.0001331827853474653,351,0.0003567242315720198
Sensor 269,0.002769678663877113,0.00035468017692024344,352,0.00035535157377943115
Sensor 61,0.0027651124703319484,-1.0351430266212785e-05,353,0.00035476572817805577
Sensor 498,0.0027527063126835294,6.121566746307053e-06,354,0.00035317401008367217
Sensor 541,0.002615573916552339,1.4101882657285419e-06,355,0.00033557983447878514
Sensor 355,0.0025952410066828213,-0.000241761382207001,356,0.000332971108919433
Sensor 340,0.002591804728335637,0.00020460757960564716,357,0.0003325302321727758
Sensor 148,0.002589566911338344,0.00015670377433553597,358,0.00033224311879670443
Sensor 526,0.0025348209262491487,-0.00011384972378428766,359,0.0003252191733068265
Sensor 272,0.0025087191406670283,-0.00017004519437587698,360,0.00032187029724187687
Sensor 167,0.002496141620045555,-3.1635625037261212e-06,361,0.000320256593166608
Sensor 411,0.002469186209556142,7.226895686709511e-05,362,0.00031679819647091514
Sensor 367,0.002417759585235247,0.0001990820942890598,363,0.0003102001271262887
Sensor 175,0.0023742912711169923,-2.0561171493215487e-05,364,0.00030462311415618555
Sensor 360,0.002356420201108758,0.0003580544103515843,365,0.0003023302442520434
Sensor 30,0.002343462553966856,9.750137176580986e-05,366,0.00030066776969699604
Sensor 13,0.0022632222694780805,0.00013068257416116652,367,0.0002903728890144546
Sensor 557,0.0022449041896768908,-3.357187606866643e-05,368,0.00028802266746317254
Sensor 44,0.002238403934046056,0.0001857642985808262,369,0.0002871886804384279
Sensor 307,0.002232399471356071,0.0003271197181325202,370,0.000286418303970423
Sensor 306,0.0022187426183025434,-0.0002165413606760039,371,0.00028466612084219973
Sensor 7,0.0021794017235209746,-0.00011629918740494586,372,0.0002796186584571764
Sensor 477,0.0021514704895520737,0.0001400846013291497,373,0.0002760350629744584
Sensor 551,0.002111219401946552,9.697612081952443e-05,374,0.0002708708222581966
Sensor 95,0.002054371381588469,-2.768236857665305e-05,375,0.00026357718427630453
Sensor 567,0.0020465450492413006,0.00017919022778357916,376,0.0002625730607464673
Sensor 222,0.0020142192177463386,-0.00014985134075494948,377,0.00025842563554321886
Sensor 289,0.001986845290400555,-0.00016583074453353934,378,0.0002549135428626798
Sensor 37,0.0019666478784343016,-0.00014552930925030444,379,0.0002523222017724348
Sensor 105,0.0019252803346321047,-3.285414858209719e-05,380,0.000247014719000075
Sensor 90,0.00184689356228819,0.0001343536844141453,381,0.00023695764513111304
Sensor 394,0.0018237436889206985,5.1151271466672226e-05,382,0.00023398750132301615
Sensor 428,0.0017356013600445346,0.00013237654221348813,383,0.0002226787832066395
Sensor 239,0.0016895292545099118,-3.3580219948371377e-06,384,0.00021676770210449375
Sensor 361,0.001672798567266488,-0.00017628682086177227,385,0.00021462114405070145
Sensor 226,0.0016690161859641902,0.00012587380330092088,386,0.00021413586206982214
Sensor 291,0.0016575823363081913,-3.1747649692045584e-06,387,0.0002126688917231867
Sensor 94,0.001645208735880263,-5.5338049014378586e-05,388,0.00021108135074136497
Sensor 270,0.0016226352414693366,-4.606382942384754e-05,389,0.00020818515672823168
Sensor 119,0.0015411614286955735,0.00025076931449877525,390,0.0001977320135645264
Sensor 483,0.00150721156393259,6.07003688940372e-05,391,0.00019337622383683387
Sensor 494,0.0014750030834724715,0.00015202082370769707,392,0.0001892438548476727
Sensor 389,0.0014543452179642173,0.00011429276327365731,393,0.00018659343726854243
Sensor 364,0.001423933148790901,-4.466532917980436e-05,394,0.0001826915490157374
Sensor 565,0.0013887586558735143,0.00011358404942674766,395,0.00017817863869942302
Sensor 223,0.0013692463275307128,-2.1335612993799995e-05,396,0.00017567519428359705
Sensor 144,0.0013149179704600926,9.374237121350245e-05,397,0.00016870483074009812
Sensor 304,0.001291460899495045,0.00012646974106681277,398,0.00016569527328045511
Sensor 303,0.0012894154486053568,1.450013127751449e-05,399,0.00016543284060109088
Sensor 73,0.001262868925730888,9.79967717166981e-05,400,0.00016202690445230714
Sensor 199,0.0012468531079536998,-8.387186200435782e-05,401,0.00015997206461593362
Sensor 425,0.001224541943462788,-1.2923269583035179e-05,402,0.00015710952770213912
Sensor 41,0.0012237003446988887,-0.00010771310409381379,403,0.00015700155003341425
Sensor 171,0.0011742533870903414,-9.170090334306178e-05,404,0.00015065747321541784
Sensor 390,0.001170051141616829,-0.00011684735827158665,405,0.0001501183223883216
Sensor 527,0.0011548896208706818,-1.0782947225165274e-05,406,0.0001481730894166053
Sensor 120,0.0011313756821108275,0.0001270890452922336,407,0.0001451562357819058
Sensor 253,0.0011103864325018333,-6.775424055161476e-05,408,0.00014246330140714168
Sensor 357,0.0011102158180043042,0.00010728712994764279,409,0.00014244141145615304
Sensor 575,0.0010035428313301558,5.88336497962073e-05,410,0.0001287551978932598
Sensor 501,0.0009690204841131285,6.12126499548397e-05,411,0.00012432595829441122
Sensor 62,0.0008721023660229947,-7.52029364219318e-05,412,0.00011189130071472678
Sensor 472,0.0008706110930830733,-5.191473391422557e-05,413,0.00011169996942671593
Sensor 154,0.0008578610632185601,-0.00024403703882027646,414,0.00011006413230337715
Sensor 336,0.0008534789836731349,-0.0001024352833017835,415,0.0001095019086479031
Sensor 24,0.0006956900162074259,0.0001095534121069232,416,8.925748150721769e-05
Sensor 377,0.0006695922193394705,-9.571118800558861e-05,417,8.59091171968894e-05
Sensor 96,0.0006523533807982938,2.5793582341345988e-05,418,8.369736300112957e-05
Sensor 197,0.0005943489987673959,0.00016665161158894377,419,7.625536306459923e-05
Sensor 155,0.0005732523201551328,-1.9821335923040756e-05,420,7.354864547885146e-05
Sensor 240,0.0005240071587717196,-1.0737388659788749e-05,421,6.72304592477738e-05
Sensor 555,0.0005165141286902256,-5.104386035159211e-05,422,6.626909861537892e-05
Sensor 252,0.00048743780939381745,2.3933600943577638e-05,423,6.253858794045887e-05
Sensor 569,0.00039221718245370887,7.350573545382591e-05,424,5.032171957925139e-05
Sensor 454,0.00030275910233260674,-1.7068163300704017e-05,425,3.884418972247717e-05
Sensor 419,0.00029794746657435203,2.9172355522257614e-05,426,3.822685372554397e-05
Sensor 160,0.00023144880126670878,1.0036064959930047e-05,427,2.969503172052341e-05
Sensor 288,6.267750606248414e-05,-2.6613923414210057e-05,428,8.041564788853708e-06
Sensor 250,0.0,0.0,429,0.0
Sensor 388,0.0,0.0,430,0.0
Sensor 522,0.0,0.0,431,0.0
Sensor 368,0.0,0.0,432,0.0
Sensor 577,0.0,0.0,433,0.0
Sensor 583,0.0,0.0,434,0.0
Sensor 186,0.0,0.0,435,0.0
Sensor 279,0.0,0.0,436,0.0
Sensor 168,0.0,0.0,437,0.0
Sensor 93,0.0,0.0,438,0.0
Sensor 188,0.0,0.0,439,0.0
Sensor 276,0.0,0.0,440,0.0
Sensor 102,0.0,0.0,441,0.0
Sensor 545,0.0,0.0,442,0.0
Sensor 115,0.0,0.0,443,0.0
Sensor 554,0.0,0.0,444,0.0
